{
	"id": "Slugcat_spikecat",
	"scene_folder": "scenes/slugcat - spikecat",
	"images": [
		{ "name": "Background", "pos": [345, 200], "depth": 4.0, "shader": "Basic" },
		{ "name": "BG Pole",    "pos": [345, 200], "depth": 3.2, "shader": "Basic" },
		{ "name": "BG Grass",   "pos": [345, 175], "depth": 2.6, "shader": "Basic" },
		{ "name": "Grass 1",    "pos": [345, 190], "depth": 2.3, "shader": "Basic" },
		{ "name": "Slugcat",    "pos": [345, 190], "depth": 2.2, "shader": "Basic" },
		{ "name": "Grass 2",    "pos": [345, 190], "depth": 1.8, "shader": "Basic" },
		{ "name": "Light",      "pos": [345, 190], "depth": 1.5, "shader": "Basic" },
		{ "name": "Flies",      "pos": [345, 190], "depth": 1.5, "shader": "Basic" },
		{ "name": "FG Grass",   "pos": [345, 120], "depth": 1.4, "shader": "Basic" },
		{ "name": "FG Pole",    "pos": [345, 120], "depth": 1.0, "shader": "Basic" }
	],
	"idle_depths": [ 2.8 ],
	"glow_pos": [688, 484],
	"mark_pos": [689, 583],
	"select_menu_pos": [0, 0],
	"slugcat_depth": 2.8
}