{
	"id": "spikecat",
	"name": "Spike",
	"description": "Funny Albino Watercat go brrr<LINE>second line",
	"features": {
		"color": "F4CFC7",
		"custom_colors": [
			{
				"name": "Body",
				"story": "F4CFC7"
			},
			{
				"name": "Eyes",
				"story": "B6064E"
			}
		],
		"spikecat/super_jump": 0.1,
		"spikecat/explode_on_death": true,
		"back_spear": true,
		"can_maul": true,
		"maul_damage": 5,
		"spikecat/infAir": [ 0.06, 2.5, 0.01, 1.35, 10 ],
		"spikecat/bubblegrasslastingtime": 1,
		"spikecat/addwatertoshelters": true,
		"food_min": 6,
		"food_max": 8,
		"world_state": "rivulet",
		"auto_grab_batflies": false,
		"throw_skill": 2,
		"select_menu_scene": "slugcat_spikecat",
		"select_menu_scene_ascended": "ghost_spikecat",
		"sleep_scene": "sleep_spikecat",
		"spikecat/mean_lizards": -1.5,
		"karma": 2,
		"weight": 0.7,
		"loudness": 3,
		"guide_overseer": 4,
		"cycle_length_min": 9,
		"cycle_length_max": 22,
		"diet": {
			"corpses": 0.6,
			"meat": 0.5,
			"plants": -1
		}
	}
}
